GROUP,PACKAGE,CLASS,INSTRUCTION_MISSED,INSTRUCTION_COVERED,BRANCH_MISSED,BRANCH_COVERED,LINE_MISSED,LINE_COVERED,COMPLEXITY_MISSED,COMPLEXITY_COVERED,METHOD_MISSED,METHOD_COVERED
report/backend,com.iliani14.pg5100.services,CommentEJB,43,129,3,1,11,28,5,6,3,6
report/backend,com.iliani14.pg5100.services,UserEJB,46,160,4,4,11,40,5,12,2,11
report/backend,com.iliani14.pg5100.services,PostEJB,24,86,1,1,6,20,3,6,2,6
report/backend,com.iliani14.pg5100.entities,Countries,5,93,0,0,0,9,1,3,1,3
report/backend,com.iliani14.pg5100.entities,Comment,33,27,1,1,13,12,9,7,8,7
report/backend,com.iliani14.pg5100.entities,User,72,75,7,5,21,23,20,14,14,14
report/backend,com.iliani14.pg5100.entities,Post,36,31,1,1,14,13,10,8,9,8
report/frontend,com.iliani14.pg5100,UserController,98,8,5,1,31,3,19,2,16,2
report/frontend,com.iliani14.pg5100,Data,5,0,0,0,2,0,2,0,2,0
report/frontend,com.iliani14.pg5100,PostController,39,7,2,0,13,2,7,2,6,2
report/frontend,com.iliani14.pg5100,CommentController,30,0,0,0,9,0,6,0,6,0
